day,open,high,low,close,volume,datetime
2026-03-16 09:31:00,30.700,30.950,30.260,30.570,5883300,2026-03-16 09:31:00
2026-03-16 09:32:00,30.570,30.660,30.390,30.440,2836900,2026-03-16 09:32:00
2026-03-16 09:33:00,30.460,30.690,30.230,30.620,2890360,2026-03-16 09:33:00
2026-03-16 09:34:00,30.670,30.800,30.360,30.400,1836600,2026-03-16 09:34:00
2026-03-16 09:35:00,30.400,30.500,30.180,30.430,3467315,2026-03-16 09:35:00
2026-03-16 09:36:00,30.460,30.990,30.430,30.800,2327200,2026-03-16 09:36:00
2026-03-16 09:37:00,30.800,30.900,30.790,30.830,1399200,2026-03-16 09:37:00
2026-03-16 09:38:00,30.830,31.100,30.820,30.920,2077500,2026-03-16 09:38:00
2026-03-16 09:39:00,30.920,31.070,30.680,31.070,1930100,2026-03-16 09:39:00
2026-03-16 09:40:00,31.070,31.070,30.820,30.840,1552800,2026-03-16 09:40:00
2026-03-16 09:41:00,30.840,30.890,30.720,30.880,877000,2026-03-16 09:41:00
2026-03-16 09:42:00,30.880,30.930,30.710,30.720,1015200,2026-03-16 09:42:00
2026-03-16 09:43:00,30.720,30.860,30.710,30.790,909700,2026-03-16 09:43:00
2026-03-16 09:44:00,30.800,30.800,30.630,30.650,982500,2026-03-16 09:44:00
2026-03-16 09:45:00,30.650,30.910,30.600,30.900,1108548,2026-03-16 09:45:00
2026-03-16 09:46:00,30.910,31.240,30.900,31.220,4024400,2026-03-16 09:46:00
2026-03-16 09:47:00,31.220,31.320,31.110,31.120,3163748,2026-03-16 09:47:00
2026-03-16 09:48:00,31.150,31.460,31.120,31.390,3267535,2026-03-16 09:48:00
2026-03-16 09:49:00,31.400,31.440,31.190,31.280,2259700,2026-03-16 09:49:00
2026-03-16 09:50:00,31.280,31.400,31.230,31.350,1561200,2026-03-16 09:50:00
2026-03-16 09:51:00,31.350,31.370,31.190,31.200,891200,2026-03-16 09:51:00
2026-03-16 09:52:00,31.200,31.350,31.180,31.330,1405100,2026-03-16 09:52:00
2026-03-16 09:53:00,31.330,31.450,31.330,31.400,1838697,2026-03-16 09:53:00
2026-03-16 09:54:00,31.400,31.550,31.380,31.450,3614907,2026-03-16 09:54:00
2026-03-16 09:55:00,31.440,31.460,31.320,31.330,1703903,2026-03-16 09:55:00
2026-03-16 09:56:00,31.330,31.330,31.200,31.220,810200,2026-03-16 09:56:00
2026-03-16 09:57:00,31.220,31.350,31.210,31.240,1191500,2026-03-16 09:57:00
2026-03-16 09:58:00,31.240,31.240,31.100,31.120,1507300,2026-03-16 09:58:00
2026-03-16 09:59:00,31.120,31.190,31.110,31.170,987400,2026-03-16 09:59:00
2026-03-16 10:00:00,31.160,31.180,31.100,31.110,761200,2026-03-16 10:00:00
2026-03-16 10:01:00,31.110,31.120,31.000,31.100,1058400,2026-03-16 10:01:00
2026-03-16 10:02:00,31.100,31.130,31.000,31.010,829800,2026-03-16 10:02:00
2026-03-16 10:03:00,31.010,31.020,30.930,30.940,1303800,2026-03-16 10:03:00
2026-03-16 10:04:00,30.940,30.950,30.840,30.950,1025600,2026-03-16 10:04:00
2026-03-16 10:05:00,30.950,31.100,30.930,31.070,814600,2026-03-16 10:05:00
2026-03-16 10:06:00,31.050,31.110,31.030,31.090,625699,2026-03-16 10:06:00
2026-03-16 10:07:00,31.100,31.100,30.950,30.970,666301,2026-03-16 10:07:00
2026-03-16 10:08:00,30.970,30.980,30.860,30.860,522200,2026-03-16 10:08:00
2026-03-16 10:09:00,30.870,30.880,30.800,30.870,1024400,2026-03-16 10:09:00
2026-03-16 10:10:00,30.860,30.890,30.800,30.810,817300,2026-03-16 10:10:00
2026-03-16 10:11:00,30.810,31.030,30.790,31.030,865300,2026-03-16 10:11:00
2026-03-16 10:12:00,31.040,31.060,31.000,31.050,532735,2026-03-16 10:12:00
2026-03-16 10:13:00,31.050,31.060,30.940,30.940,419465,2026-03-16 10:13:00
2026-03-16 10:14:00,30.940,30.940,30.850,30.890,422235,2026-03-16 10:14:00
2026-03-16 10:15:00,30.900,31.040,30.890,31.000,369900,2026-03-16 10:15:00
2026-03-16 10:16:00,31.020,31.040,31.000,31.020,322700,2026-03-16 10:16:00
2026-03-16 10:17:00,31.020,31.020,30.910,30.920,337900,2026-03-16 10:17:00
2026-03-16 10:18:00,30.920,30.940,30.880,30.900,430300,2026-03-16 10:18:00
2026-03-16 10:19:00,30.900,31.000,30.890,30.970,335000,2026-03-16 10:19:00
2026-03-16 10:20:00,30.960,30.970,30.880,30.880,329200,2026-03-16 10:20:00
2026-03-16 10:21:00,30.890,30.890,30.840,30.850,467650,2026-03-16 10:21:00
2026-03-16 10:22:00,30.850,30.910,30.830,30.910,305336,2026-03-16 10:22:00
2026-03-16 10:23:00,30.900,30.930,30.890,30.890,337000,2026-03-16 10:23:00
2026-03-16 10:24:00,30.900,30.900,30.810,30.820,351979,2026-03-16 10:24:00
2026-03-16 10:25:00,30.810,30.820,30.750,30.750,619800,2026-03-16 10:25:00
2026-03-16 10:26:00,30.750,30.760,30.670,30.670,659000,2026-03-16 10:26:00
2026-03-16 10:27:00,30.670,30.870,30.650,30.780,990200,2026-03-16 10:27:00
2026-03-16 10:28:00,30.780,30.780,30.690,30.700,411800,2026-03-16 10:28:00
2026-03-16 10:29:00,30.690,30.840,30.680,30.820,594400,2026-03-16 10:29:00
2026-03-16 10:30:00,30.820,30.900,30.810,30.840,344000,2026-03-16 10:30:00
2026-03-16 10:31:00,30.820,30.850,30.750,30.750,216000,2026-03-16 10:31:00
2026-03-16 10:32:00,30.750,30.750,30.700,30.710,474800,2026-03-16 10:32:00
2026-03-16 10:33:00,30.720,30.750,30.710,30.750,307600,2026-03-16 10:33:00
2026-03-16 10:34:00,30.750,30.760,30.730,30.740,338800,2026-03-16 10:34:00
2026-03-16 10:35:00,30.740,30.740,30.670,30.670,533800,2026-03-16 10:35:00
2026-03-16 10:36:00,30.680,30.680,30.640,30.650,502400,2026-03-16 10:36:00
2026-03-16 10:37:00,30.640,30.680,30.600,30.670,1005121,2026-03-16 10:37:00
2026-03-16 10:38:00,30.670,30.750,30.650,30.740,246027,2026-03-16 10:38:00
2026-03-16 10:39:00,30.750,30.800,30.730,30.800,306100,2026-03-16 10:39:00
2026-03-16 10:40:00,30.790,30.800,30.730,30.750,357300,2026-03-16 10:40:00
2026-03-16 10:41:00,30.750,30.750,30.560,30.570,663879,2026-03-16 10:41:00
2026-03-16 10:42:00,30.570,30.570,30.500,30.550,849632,2026-03-16 10:42:00
2026-03-16 10:43:00,30.550,30.660,30.540,30.610,500604,2026-03-16 10:43:00
2026-03-16 10:44:00,30.610,30.610,30.510,30.510,512289,2026-03-16 10:44:00
2026-03-16 10:45:00,30.510,30.550,30.500,30.530,1009000,2026-03-16 10:45:00
2026-03-16 10:46:00,30.530,30.560,30.520,30.550,329800,2026-03-16 10:46:00
2026-03-16 10:47:00,30.560,30.590,30.550,30.590,317700,2026-03-16 10:47:00
2026-03-16 10:48:00,30.580,30.600,30.540,30.550,359300,2026-03-16 10:48:00
2026-03-16 10:49:00,30.550,30.550,30.500,30.510,322211,2026-03-16 10:49:00
2026-03-16 10:50:00,30.510,30.560,30.500,30.560,631689,2026-03-16 10:50:00
2026-03-16 10:51:00,30.550,30.760,30.550,30.690,541200,2026-03-16 10:51:00
2026-03-16 10:52:00,30.720,30.740,30.600,30.610,257400,2026-03-16 10:52:00
2026-03-16 10:53:00,30.610,30.700,30.600,30.690,370700,2026-03-16 10:53:00
2026-03-16 10:54:00,30.700,30.700,30.610,30.650,301700,2026-03-16 10:54:00
2026-03-16 10:55:00,30.650,30.660,30.630,30.660,226700,2026-03-16 10:55:00
2026-03-16 10:56:00,30.660,31.030,30.650,30.980,1292900,2026-03-16 10:56:00
2026-03-16 10:57:00,30.980,30.990,30.800,30.900,334121,2026-03-16 10:57:00
2026-03-16 10:58:00,30.900,31.100,30.890,31.030,800285,2026-03-16 10:58:00
2026-03-16 10:59:00,31.020,31.070,30.980,30.980,534000,2026-03-16 10:59:00
2026-03-16 11:00:00,30.980,30.990,30.840,30.840,209615,2026-03-16 11:00:00
2026-03-16 11:01:00,30.840,30.980,30.830,30.980,268200,2026-03-16 11:01:00
2026-03-16 11:02:00,30.970,31.010,30.860,30.900,255785,2026-03-16 11:02:00
2026-03-16 11:03:00,30.880,31.080,30.860,31.080,604700,2026-03-16 11:03:00
2026-03-16 11:04:00,31.080,31.090,30.960,30.990,538400,2026-03-16 11:04:00
2026-03-16 11:05:00,30.990,31.050,30.980,31.040,333800,2026-03-16 11:05:00
2026-03-16 11:06:00,31.040,31.060,31.000,31.000,433000,2026-03-16 11:06:00
2026-03-16 11:07:00,31.000,31.010,30.900,30.900,266500,2026-03-16 11:07:00
2026-03-16 11:08:00,30.900,30.900,30.840,30.880,176900,2026-03-16 11:08:00
2026-03-16 11:09:00,30.870,30.890,30.830,30.830,276400,2026-03-16 11:09:00
2026-03-16 11:10:00,30.830,30.840,30.820,30.830,138100,2026-03-16 11:10:00
2026-03-16 11:11:00,30.820,30.830,30.810,30.810,129900,2026-03-16 11:11:00
2026-03-16 11:12:00,30.810,30.830,30.810,30.830,144600,2026-03-16 11:12:00
2026-03-16 11:13:00,30.830,30.900,30.830,30.900,185000,2026-03-16 11:13:00
2026-03-16 11:14:00,30.900,30.910,30.860,30.880,135700,2026-03-16 11:14:00
2026-03-16 11:15:00,30.890,30.890,30.860,30.870,94656,2026-03-16 11:15:00
2026-03-16 11:16:00,30.870,30.880,30.800,30.810,248843,2026-03-16 11:16:00
2026-03-16 11:17:00,30.810,30.810,30.740,30.740,512401,2026-03-16 11:17:00
2026-03-16 11:18:00,30.750,30.750,30.700,30.720,239000,2026-03-16 11:18:00
2026-03-16 11:19:00,30.720,30.780,30.700,30.770,219600,2026-03-16 11:19:00
2026-03-16 11:20:00,30.770,30.840,30.770,30.810,187599,2026-03-16 11:20:00
2026-03-16 11:21:00,30.800,30.810,30.700,30.710,182000,2026-03-16 11:21:00
2026-03-16 11:22:00,30.700,30.740,30.700,30.740,131800,2026-03-16 11:22:00
2026-03-16 11:23:00,30.740,30.750,30.710,30.720,170600,2026-03-16 11:23:00
2026-03-16 11:24:00,30.710,30.730,30.700,30.720,208300,2026-03-16 11:24:00
2026-03-16 11:25:00,30.730,30.900,30.720,30.880,186800,2026-03-16 11:25:00
2026-03-16 11:26:00,30.900,30.900,30.750,30.750,180000,2026-03-16 11:26:00
2026-03-16 11:27:00,30.760,30.770,30.730,30.740,217900,2026-03-16 11:27:00
2026-03-16 11:28:00,30.740,30.760,30.730,30.750,185700,2026-03-16 11:28:00
2026-03-16 11:29:00,30.750,30.800,30.750,30.760,229400,2026-03-16 11:29:00
2026-03-16 11:30:00,30.770,30.800,30.760,30.780,182500,2026-03-16 11:30:00
2026-03-16 13:01:00,30.790,30.930,30.780,30.880,392900,2026-03-16 13:01:00
2026-03-16 13:02:00,30.880,30.890,30.830,30.880,258500,2026-03-16 13:02:00
2026-03-16 13:03:00,30.890,30.990,30.880,30.980,370100,2026-03-16 13:03:00
2026-03-16 13:04:00,30.980,31.000,30.980,31.000,368070,2026-03-16 13:04:00
2026-03-16 13:05:00,30.990,31.000,30.880,30.890,221800,2026-03-16 13:05:00
2026-03-16 13:06:00,30.880,30.890,30.810,30.810,195000,2026-03-16 13:06:00
2026-03-16 13:07:00,30.830,30.910,30.810,30.910,208700,2026-03-16 13:07:00
2026-03-16 13:08:00,30.910,31.000,30.900,30.980,401900,2026-03-16 13:08:00
2026-03-16 13:09:00,30.970,30.980,30.880,30.880,219800,2026-03-16 13:09:00
2026-03-16 13:10:00,30.890,30.890,30.850,30.860,260300,2026-03-16 13:10:00
2026-03-16 13:11:00,30.860,30.860,30.820,30.830,308800,2026-03-16 13:11:00
2026-03-16 13:12:00,30.830,31.020,30.820,30.960,604100,2026-03-16 13:12:00
2026-03-16 13:13:00,30.960,31.000,30.880,30.970,277900,2026-03-16 13:13:00
2026-03-16 13:14:00,30.990,31.180,30.900,31.160,1137636,2026-03-16 13:14:00
2026-03-16 13:15:00,31.180,31.190,31.000,31.030,682000,2026-03-16 13:15:00
2026-03-16 13:16:00,31.030,31.050,31.010,31.040,359000,2026-03-16 13:16:00
2026-03-16 13:17:00,31.050,31.140,31.040,31.140,448800,2026-03-16 13:17:00
2026-03-16 13:18:00,31.140,31.250,31.130,31.140,1099700,2026-03-16 13:18:00
2026-03-16 13:19:00,31.140,31.150,31.020,31.030,422800,2026-03-16 13:19:00
2026-03-16 13:20:00,31.020,31.140,31.020,31.140,278200,2026-03-16 13:20:00
2026-03-16 13:21:00,31.130,31.140,31.060,31.060,337300,2026-03-16 13:21:00
2026-03-16 13:22:00,31.070,31.070,31.000,31.010,371800,2026-03-16 13:22:00
2026-03-16 13:23:00,31.020,31.030,31.010,31.030,269200,2026-03-16 13:23:00
2026-03-16 13:24:00,31.030,31.030,31.020,31.020,200100,2026-03-16 13:24:00
2026-03-16 13:25:00,31.030,31.040,31.000,31.040,359200,2026-03-16 13:25:00
2026-03-16 13:26:00,31.040,31.040,31.020,31.020,262700,2026-03-16 13:26:00
2026-03-16 13:27:00,31.030,31.030,31.000,31.000,360064,2026-03-16 13:27:00
2026-03-16 13:28:00,31.000,31.040,30.950,31.030,411936,2026-03-16 13:28:00
2026-03-16 13:29:00,31.020,31.030,30.950,30.960,150800,2026-03-16 13:29:00
2026-03-16 13:30:00,30.960,30.960,30.900,30.910,230200,2026-03-16 13:30:00
2026-03-16 13:31:00,30.920,30.990,30.900,30.990,252100,2026-03-16 13:31:00
2026-03-16 13:32:00,30.990,31.030,30.990,31.020,199400,2026-03-16 13:32:00
2026-03-16 13:33:00,31.010,31.030,30.970,30.970,192700,2026-03-16 13:33:00
2026-03-16 13:34:00,30.970,30.970,30.910,30.910,200500,2026-03-16 13:34:00
2026-03-16 13:35:00,30.910,30.920,30.900,30.900,234200,2026-03-16 13:35:00
2026-03-16 13:36:00,30.900,30.910,30.890,30.890,287500,2026-03-16 13:36:00
2026-03-16 13:37:00,30.900,30.940,30.890,30.940,240303,2026-03-16 13:37:00
2026-03-16 13:38:00,30.930,30.990,30.930,30.980,127500,2026-03-16 13:38:00
2026-03-16 13:39:00,30.990,31.000,30.970,30.980,207000,2026-03-16 13:39:00
2026-03-16 13:40:00,30.990,31.000,30.930,30.930,164000,2026-03-16 13:40:00
2026-03-16 13:41:00,30.930,30.940,30.890,30.890,341300,2026-03-16 13:41:00
2026-03-16 13:42:00,30.890,30.940,30.880,30.920,317083,2026-03-16 13:42:00
2026-03-16 13:43:00,30.930,31.000,30.910,30.980,461000,2026-03-16 13:43:00
2026-03-16 13:44:00,30.990,31.080,30.980,31.030,336664,2026-03-16 13:44:00
2026-03-16 13:45:00,31.030,31.330,31.010,31.300,2099300,2026-03-16 13:45:00
2026-03-16 13:46:00,31.320,31.390,31.120,31.330,1904410,2026-03-16 13:46:00
2026-03-16 13:47:00,31.350,31.390,31.180,31.180,818390,2026-03-16 13:47:00
2026-03-16 13:48:00,31.180,31.280,31.170,31.210,885800,2026-03-16 13:48:00
2026-03-16 13:49:00,31.220,31.220,31.150,31.160,564700,2026-03-16 13:49:00
2026-03-16 13:50:00,31.170,31.270,31.160,31.250,482189,2026-03-16 13:50:00
2026-03-16 13:51:00,31.240,31.250,31.150,31.150,460311,2026-03-16 13:51:00
2026-03-16 13:52:00,31.150,31.160,31.080,31.160,312800,2026-03-16 13:52:00
2026-03-16 13:53:00,31.160,31.240,31.140,31.220,349008,2026-03-16 13:53:00
2026-03-16 13:54:00,31.220,31.240,31.170,31.180,493000,2026-03-16 13:54:00
2026-03-16 13:55:00,31.180,31.360,31.170,31.350,1354920,2026-03-16 13:55:00
2026-03-16 13:56:00,31.350,31.380,31.230,31.240,880800,2026-03-16 13:56:00
2026-03-16 13:57:00,31.240,31.300,31.230,31.280,451100,2026-03-16 13:57:00
2026-03-16 13:58:00,31.280,31.300,31.270,31.280,389800,2026-03-16 13:58:00
2026-03-16 13:59:00,31.270,31.280,31.240,31.260,391000,2026-03-16 13:59:00
2026-03-16 14:00:00,31.260,31.290,31.250,31.280,457400,2026-03-16 14:00:00
2026-03-16 14:01:00,31.270,31.310,31.270,31.300,723500,2026-03-16 14:01:00
2026-03-16 14:02:00,31.300,31.310,31.250,31.250,466696,2026-03-16 14:02:00
2026-03-16 14:03:00,31.250,31.260,31.200,31.200,382900,2026-03-16 14:03:00
2026-03-16 14:04:00,31.200,31.210,31.110,31.130,445192,2026-03-16 14:04:00
2026-03-16 14:05:00,31.140,31.210,31.130,31.170,359600,2026-03-16 14:05:00
2026-03-16 14:06:00,31.180,31.180,31.070,31.080,692600,2026-03-16 14:06:00
2026-03-16 14:07:00,31.080,31.110,31.030,31.110,556600,2026-03-16 14:07:00
2026-03-16 14:08:00,31.100,31.190,31.100,31.180,331200,2026-03-16 14:08:00
2026-03-16 14:09:00,31.180,31.190,31.120,31.140,226200,2026-03-16 14:09:00
2026-03-16 14:10:00,31.150,31.160,31.120,31.160,252526,2026-03-16 14:10:00
2026-03-16 14:11:00,31.160,31.200,31.160,31.190,248826,2026-03-16 14:11:00
2026-03-16 14:12:00,31.200,31.200,31.120,31.130,394400,2026-03-16 14:12:00
2026-03-16 14:13:00,31.130,31.170,31.130,31.160,195000,2026-03-16 14:13:00
2026-03-16 14:14:00,31.160,31.170,31.140,31.150,329800,2026-03-16 14:14:00
2026-03-16 14:15:00,31.150,31.150,31.130,31.140,213500,2026-03-16 14:15:00
2026-03-16 14:16:00,31.150,31.150,31.140,31.140,287900,2026-03-16 14:16:00
2026-03-16 14:17:00,31.150,31.170,31.140,31.170,249900,2026-03-16 14:17:00
2026-03-16 14:18:00,31.160,31.200,31.160,31.190,276700,2026-03-16 14:18:00
2026-03-16 14:19:00,31.200,31.260,31.190,31.240,558489,2026-03-16 14:19:00
2026-03-16 14:20:00,31.240,31.240,31.200,31.210,301400,2026-03-16 14:20:00
2026-03-16 14:21:00,31.210,31.260,31.200,31.260,322104,2026-03-16 14:21:00
2026-03-16 14:22:00,31.250,31.290,31.250,31.260,431932,2026-03-16 14:22:00
2026-03-16 14:23:00,31.270,31.270,31.200,31.200,375200,2026-03-16 14:23:00
2026-03-16 14:24:00,31.200,31.210,31.170,31.180,370600,2026-03-16 14:24:00
2026-03-16 14:25:00,31.190,31.220,31.180,31.220,265300,2026-03-16 14:25:00
2026-03-16 14:26:00,31.220,31.240,31.210,31.210,221100,2026-03-16 14:26:00
2026-03-16 14:27:00,31.220,31.220,31.200,31.210,313900,2026-03-16 14:27:00
2026-03-16 14:28:00,31.200,31.220,31.200,31.200,302300,2026-03-16 14:28:00
2026-03-16 14:29:00,31.220,31.220,31.200,31.220,212900,2026-03-16 14:29:00
2026-03-16 14:30:00,31.210,31.300,31.210,31.280,1020565,2026-03-16 14:30:00
2026-03-16 14:31:00,31.280,31.280,31.230,31.240,383200,2026-03-16 14:31:00
2026-03-16 14:32:00,31.240,31.270,31.240,31.260,278500,2026-03-16 14:32:00
2026-03-16 14:33:00,31.260,31.280,31.250,31.280,481000,2026-03-16 14:33:00
2026-03-16 14:34:00,31.270,31.280,31.260,31.260,366400,2026-03-16 14:34:00
2026-03-16 14:35:00,31.260,31.270,31.250,31.270,338700,2026-03-16 14:35:00
2026-03-16 14:36:00,31.260,31.270,31.240,31.250,559700,2026-03-16 14:36:00
2026-03-16 14:37:00,31.250,31.260,31.220,31.220,358900,2026-03-16 14:37:00
2026-03-16 14:38:00,31.230,31.440,31.200,31.430,2621413,2026-03-16 14:38:00
2026-03-16 14:39:00,31.440,31.470,31.300,31.400,1507700,2026-03-16 14:39:00
2026-03-16 14:40:00,31.390,31.550,31.380,31.550,2588396,2026-03-16 14:40:00
2026-03-16 14:41:00,31.550,31.550,31.430,31.500,2288236,2026-03-16 14:41:00
2026-03-16 14:42:00,31.500,31.730,31.490,31.710,2828562,2026-03-16 14:42:00
2026-03-16 14:43:00,31.720,31.730,31.580,31.690,2986249,2026-03-16 14:43:00
2026-03-16 14:44:00,31.700,31.700,31.580,31.630,2054173,2026-03-16 14:44:00
2026-03-16 14:45:00,31.630,31.650,31.470,31.470,1417979,2026-03-16 14:45:00
2026-03-16 14:46:00,31.470,31.640,31.470,31.560,1468600,2026-03-16 14:46:00
2026-03-16 14:47:00,31.550,31.560,31.500,31.540,1007600,2026-03-16 14:47:00
2026-03-16 14:48:00,31.540,31.550,31.500,31.510,935900,2026-03-16 14:48:00
2026-03-16 14:49:00,31.500,31.550,31.500,31.540,784100,2026-03-16 14:49:00
2026-03-16 14:50:00,31.550,31.590,31.540,31.580,877700,2026-03-16 14:50:00
2026-03-16 14:51:00,31.570,31.600,31.570,31.600,1222448,2026-03-16 14:51:00
2026-03-16 14:52:00,31.600,31.660,31.590,31.660,1769469,2026-03-16 14:52:00
2026-03-16 14:53:00,31.660,31.680,31.580,31.580,1821531,2026-03-16 14:53:00
2026-03-16 14:54:00,31.580,31.650,31.580,31.640,1273348,2026-03-16 14:54:00
2026-03-16 14:55:00,31.640,31.650,31.590,31.600,1939469,2026-03-16 14:55:00
2026-03-16 14:56:00,31.600,31.640,31.580,31.630,2094292,2026-03-16 14:56:00
2026-03-16 14:57:00,31.630,31.880,31.620,31.870,4818245,2026-03-16 14:57:00
2026-03-16 15:00:00,31.870,31.870,31.870,31.870,6642267,2026-03-16 15:00:00
2026-03-17 09:31:00,31.880,32.190,31.800,32.010,7563723,2026-03-17 09:31:00
2026-03-17 09:32:00,32.010,32.050,31.660,31.950,3298389,2026-03-17 09:32:00
2026-03-17 09:33:00,31.940,32.350,31.940,32.130,3858582,2026-03-17 09:33:00
2026-03-17 09:34:00,32.110,32.340,32.030,32.160,3661148,2026-03-17 09:34:00
2026-03-17 09:35:00,32.160,32.160,32.010,32.010,1708700,2026-03-17 09:35:00
2026-03-17 09:36:00,32.010,32.050,31.810,31.860,2515814,2026-03-17 09:36:00
2026-03-17 09:37:00,31.860,31.900,31.590,31.650,3171786,2026-03-17 09:37:00
2026-03-17 09:38:00,31.660,31.830,31.630,31.680,2456900,2026-03-17 09:38:00
2026-03-17 09:39:00,31.680,31.770,31.670,31.740,1229200,2026-03-17 09:39:00
2026-03-17 09:40:00,31.750,31.750,31.620,31.650,1310800,2026-03-17 09:40:00
2026-03-17 09:41:00,31.630,31.770,31.630,31.700,1375600,2026-03-17 09:41:00
2026-03-17 09:42:00,31.700,31.700,31.500,31.500,2065600,2026-03-17 09:42:00
2026-03-17 09:43:00,31.510,31.620,31.470,31.570,2116706,2026-03-17 09:43:00
2026-03-17 09:44:00,31.560,31.600,31.530,31.530,1030800,2026-03-17 09:44:00
2026-03-17 09:45:00,31.530,31.550,31.380,31.380,1984800,2026-03-17 09:45:00
2026-03-17 09:46:00,31.390,31.610,31.350,31.600,1599800,2026-03-17 09:46:00
2026-03-17 09:47:00,31.600,31.640,31.480,31.480,1007400,2026-03-17 09:47:00
2026-03-17 09:48:00,31.480,31.520,31.450,31.500,988161,2026-03-17 09:48:00
2026-03-17 09:49:00,31.500,31.530,31.480,31.530,687124,2026-03-17 09:49:00
2026-03-17 09:50:00,31.530,31.670,31.520,31.600,1080000,2026-03-17 09:50:00
2026-03-17 09:51:00,31.640,31.640,31.480,31.490,855700,2026-03-17 09:51:00
2026-03-17 09:52:00,31.490,31.520,31.450,31.520,993700,2026-03-17 09:52:00
2026-03-17 09:53:00,31.520,31.800,31.510,31.720,1259540,2026-03-17 09:53:00
2026-03-17 09:54:00,31.750,31.800,31.600,31.600,577860,2026-03-17 09:54:00
2026-03-17 09:55:00,31.610,31.670,31.570,31.600,634000,2026-03-17 09:55:00
2026-03-17 09:56:00,31.600,31.630,31.510,31.510,426300,2026-03-17 09:56:00
2026-03-17 09:57:00,31.510,31.530,31.500,31.520,546300,2026-03-17 09:57:00
2026-03-17 09:58:00,31.520,31.530,31.450,31.480,1068600,2026-03-17 09:58:00
2026-03-17 09:59:00,31.480,31.480,31.450,31.460,745400,2026-03-17 09:59:00
2026-03-17 10:00:00,31.460,31.670,31.450,31.660,601481,2026-03-17 10:00:00
2026-03-17 10:01:00,31.660,31.670,31.520,31.530,537800,2026-03-17 10:01:00
2026-03-17 10:02:00,31.530,31.530,31.460,31.500,699100,2026-03-17 10:02:00
2026-03-17 10:03:00,31.480,31.540,31.480,31.520,488000,2026-03-17 10:03:00
2026-03-17 10:04:00,31.520,31.540,31.420,31.420,1183800,2026-03-17 10:04:00
2026-03-17 10:05:00,31.420,31.470,31.410,31.460,874200,2026-03-17 10:05:00
2026-03-17 10:06:00,31.460,31.490,31.450,31.480,386700,2026-03-17 10:06:00
2026-03-17 10:07:00,31.470,31.480,31.400,31.410,1342700,2026-03-17 10:07:00
2026-03-17 10:08:00,31.410,31.410,31.320,31.330,1213900,2026-03-17 10:08:00
2026-03-17 10:09:00,31.330,31.370,31.280,31.340,1829313,2026-03-17 10:09:00
2026-03-17 10:10:00,31.340,31.480,31.340,31.430,639800,2026-03-17 10:10:00
2026-03-17 10:11:00,31.430,31.440,31.310,31.310,450800,2026-03-17 10:11:00
2026-03-17 10:12:00,31.320,31.350,31.300,31.330,773500,2026-03-17 10:12:00
2026-03-17 10:13:00,31.340,31.350,31.290,31.300,702300,2026-03-17 10:13:00
2026-03-17 10:14:00,31.300,31.300,31.160,31.240,2082100,2026-03-17 10:14:00
2026-03-17 10:15:00,31.240,31.320,31.220,31.230,703900,2026-03-17 10:15:00
2026-03-17 10:16:00,31.230,31.320,31.170,31.310,1141400,2026-03-17 10:16:00
2026-03-17 10:17:00,31.310,31.440,31.260,31.270,654500,2026-03-17 10:17:00
2026-03-17 10:18:00,31.270,31.270,31.170,31.170,842600,2026-03-17 10:18:00
2026-03-17 10:19:00,31.170,31.180,31.090,31.130,1235783,2026-03-17 10:19:00
2026-03-17 10:20:00,31.120,31.280,31.120,31.250,867100,2026-03-17 10:20:00
2026-03-17 10:21:00,31.250,31.250,31.140,31.160,593800,2026-03-17 10:21:00
2026-03-17 10:22:00,31.170,31.200,31.160,31.200,938750,2026-03-17 10:22:00
2026-03-17 10:23:00,31.190,31.210,31.180,31.190,633600,2026-03-17 10:23:00
2026-03-17 10:24:00,31.190,31.200,31.180,31.200,517800,2026-03-17 10:24:00
2026-03-17 10:25:00,31.200,31.210,31.180,31.200,770200,2026-03-17 10:25:00
2026-03-17 10:26:00,31.190,31.200,31.170,31.170,416750,2026-03-17 10:26:00
2026-03-17 10:27:00,31.170,31.190,31.160,31.170,457750,2026-03-17 10:27:00
2026-03-17 10:28:00,31.170,31.180,31.140,31.150,424350,2026-03-17 10:28:00
2026-03-17 10:29:00,31.140,31.150,30.980,30.980,3017428,2026-03-17 10:29:00
2026-03-17 10:30:00,30.980,30.990,30.820,30.990,2195091,2026-03-17 10:30:00
2026-03-17 10:31:00,30.990,31.070,30.880,30.910,1482482,2026-03-17 10:31:00
2026-03-17 10:32:00,30.910,31.150,30.900,31.110,1210516,2026-03-17 10:32:00
2026-03-17 10:33:00,31.110,31.120,30.970,30.990,615684,2026-03-17 10:33:00
2026-03-17 10:34:00,31.000,31.150,30.980,31.140,602397,2026-03-17 10:34:00
2026-03-17 10:35:00,31.140,31.320,31.140,31.300,697392,2026-03-17 10:35:00
2026-03-17 10:36:00,31.300,31.310,31.150,31.160,426200,2026-03-17 10:36:00
2026-03-17 10:37:00,31.150,31.280,31.150,31.240,507300,2026-03-17 10:37:00
2026-03-17 10:38:00,31.240,31.240,31.160,31.160,286200,2026-03-17 10:38:00
2026-03-17 10:39:00,31.160,31.170,31.130,31.170,248600,2026-03-17 10:39:00
2026-03-17 10:40:00,31.150,31.300,31.140,31.290,292700,2026-03-17 10:40:00
2026-03-17 10:41:00,31.300,31.330,31.200,31.200,328600,2026-03-17 10:41:00
2026-03-17 10:42:00,31.200,31.220,31.170,31.190,151900,2026-03-17 10:42:00
2026-03-17 10:43:00,31.180,31.250,31.180,31.240,278634,2026-03-17 10:43:00
2026-03-17 10:44:00,31.250,31.280,31.240,31.270,216100,2026-03-17 10:44:00
2026-03-17 10:45:00,31.280,31.300,31.260,31.290,257800,2026-03-17 10:45:00
2026-03-17 10:46:00,31.290,31.290,31.230,31.250,333800,2026-03-17 10:46:00
2026-03-17 10:47:00,31.230,31.260,31.220,31.250,151500,2026-03-17 10:47:00
2026-03-17 10:48:00,31.260,31.260,31.220,31.220,193400,2026-03-17 10:48:00
2026-03-17 10:49:00,31.220,31.260,31.200,31.250,208400,2026-03-17 10:49:00
2026-03-17 10:50:00,31.250,31.260,31.230,31.230,133700,2026-03-17 10:50:00
2026-03-17 10:51:00,31.240,31.240,31.190,31.190,196909,2026-03-17 10:51:00
2026-03-17 10:52:00,31.200,31.210,31.130,31.130,246891,2026-03-17 10:52:00
2026-03-17 10:53:00,31.130,31.140,31.080,31.090,351200,2026-03-17 10:53:00
2026-03-17 10:54:00,31.090,31.100,31.050,31.060,335200,2026-03-17 10:54:00
2026-03-17 10:55:00,31.060,31.090,31.030,31.090,302900,2026-03-17 10:55:00
2026-03-17 10:56:00,31.080,31.170,31.070,31.170,177716,2026-03-17 10:56:00
2026-03-17 10:57:00,31.160,31.270,31.160,31.240,228309,2026-03-17 10:57:00
2026-03-17 10:58:00,31.240,31.280,31.160,31.160,156900,2026-03-17 10:58:00
2026-03-17 10:59:00,31.170,31.190,31.150,31.180,110700,2026-03-17 10:59:00
2026-03-17 11:00:00,31.180,31.210,31.180,31.200,162200,2026-03-17 11:00:00
2026-03-17 11:01:00,31.200,31.200,31.100,31.110,285200,2026-03-17 11:01:00
2026-03-17 11:02:00,31.110,31.110,31.060,31.060,247000,2026-03-17 11:02:00
2026-03-17 11:03:00,31.060,31.150,31.050,31.140,198100,2026-03-17 11:03:00
2026-03-17 11:04:00,31.150,31.170,31.130,31.150,149300,2026-03-17 11:04:00
2026-03-17 11:05:00,31.150,31.400,31.150,31.360,555357,2026-03-17 11:05:00
2026-03-17 11:06:00,31.410,31.430,31.200,31.360,367800,2026-03-17 11:06:00
2026-03-17 11:07:00,31.360,31.380,31.250,31.260,222500,2026-03-17 11:07:00
2026-03-17 11:08:00,31.260,31.400,31.220,31.380,380200,2026-03-17 11:08:00
2026-03-17 11:09:00,31.380,31.480,31.340,31.380,944600,2026-03-17 11:09:00
2026-03-17 11:10:00,31.400,31.480,31.380,31.420,687500,2026-03-17 11:10:00
2026-03-17 11:11:00,31.420,31.470,31.400,31.440,399000,2026-03-17 11:11:00
2026-03-17 11:12:00,31.440,31.450,31.240,31.250,232000,2026-03-17 11:12:00
2026-03-17 11:13:00,31.250,31.380,31.240,31.360,213700,2026-03-17 11:13:00
2026-03-17 11:14:00,31.360,31.360,31.310,31.340,176500,2026-03-17 11:14:00
2026-03-17 11:15:00,31.350,31.350,31.300,31.300,200800,2026-03-17 11:15:00
2026-03-17 11:16:00,31.310,31.310,31.270,31.300,111100,2026-03-17 11:16:00
2026-03-17 11:17:00,31.290,31.310,31.260,31.300,134400,2026-03-17 11:17:00
2026-03-17 11:18:00,31.280,31.390,31.280,31.360,135000,2026-03-17 11:18:00
2026-03-17 11:19:00,31.360,31.390,31.290,31.300,166800,2026-03-17 11:19:00
2026-03-17 11:20:00,31.290,31.290,31.180,31.190,299500,2026-03-17 11:20:00
2026-03-17 11:21:00,31.190,31.190,31.160,31.170,278600,2026-03-17 11:21:00
2026-03-17 11:22:00,31.180,31.180,31.100,31.110,415176,2026-03-17 11:22:00
2026-03-17 11:23:00,31.120,31.170,31.110,31.170,254300,2026-03-17 11:23:00
2026-03-17 11:24:00,31.160,31.200,31.150,31.150,212200,2026-03-17 11:24:00
2026-03-17 11:25:00,31.150,31.160,31.080,31.100,386700,2026-03-17 11:25:00
2026-03-17 11:26:00,31.100,31.150,31.080,31.140,242600,2026-03-17 11:26:00
2026-03-17 11:27:00,31.140,31.150,31.120,31.140,241100,2026-03-17 11:27:00
2026-03-17 11:28:00,31.140,31.240,31.130,31.240,171700,2026-03-17 11:28:00
2026-03-17 11:29:00,31.240,31.260,31.230,31.240,160300,2026-03-17 11:29:00
2026-03-17 11:30:00,31.240,31.240,31.210,31.240,114700,2026-03-17 11:30:00
2026-03-17 13:01:00,31.230,31.240,31.190,31.220,259000,2026-03-17 13:01:00
2026-03-17 13:02:00,31.210,31.220,31.120,31.130,174500,2026-03-17 13:02:00
2026-03-17 13:03:00,31.120,31.130,31.090,31.100,287200,2026-03-17 13:03:00
2026-03-17 13:04:00,31.100,31.100,31.050,31.060,318024,2026-03-17 13:04:00
2026-03-17 13:05:00,31.060,31.100,31.030,31.100,300700,2026-03-17 13:05:00
2026-03-17 13:06:00,31.100,31.130,31.090,31.120,187000,2026-03-17 13:06:00
2026-03-17 13:07:00,31.120,31.120,31.080,31.080,232100,2026-03-17 13:07:00
2026-03-17 13:08:00,31.080,31.090,31.020,31.030,281000,2026-03-17 13:08:00
2026-03-17 13:09:00,31.020,31.030,31.000,31.030,647164,2026-03-17 13:09:00
2026-03-17 13:10:00,31.030,31.050,31.010,31.050,268136,2026-03-17 13:10:00
2026-03-17 13:11:00,31.040,31.060,31.020,31.060,199900,2026-03-17 13:11:00
2026-03-17 13:12:00,31.060,31.060,31.010,31.010,274800,2026-03-17 13:12:00
2026-03-17 13:13:00,31.010,31.020,31.000,31.000,439300,2026-03-17 13:13:00
2026-03-17 13:14:00,31.000,31.010,30.990,30.990,738392,2026-03-17 13:14:00
2026-03-17 13:15:00,30.990,31.010,30.930,30.950,407265,2026-03-17 13:15:00
2026-03-17 13:16:00,30.950,31.000,30.920,31.000,399235,2026-03-17 13:16:00
2026-03-17 13:17:00,31.000,31.070,30.990,31.070,273100,2026-03-17 13:17:00
2026-03-17 13:18:00,31.070,31.100,31.050,31.060,257000,2026-03-17 13:18:00
2026-03-17 13:19:00,31.060,31.070,30.980,31.000,336900,2026-03-17 13:19:00
2026-03-17 13:20:00,30.990,30.990,30.910,30.920,416950,2026-03-17 13:20:00
2026-03-17 13:21:00,30.930,30.950,30.910,30.930,464850,2026-03-17 13:21:00
2026-03-17 13:22:00,30.930,30.950,30.920,30.930,344772,2026-03-17 13:22:00
2026-03-17 13:23:00,30.930,30.940,30.910,30.920,427378,2026-03-17 13:23:00
2026-03-17 13:24:00,30.920,30.930,30.900,30.910,407023,2026-03-17 13:24:00
2026-03-17 13:25:00,30.920,30.930,30.900,30.920,333400,2026-03-17 13:25:00
2026-03-17 13:26:00,30.910,31.010,30.910,31.010,224422,2026-03-17 13:26:00
2026-03-17 13:27:00,31.000,31.100,31.000,31.070,207600,2026-03-17 13:27:00
2026-03-17 13:28:00,31.080,31.200,31.070,31.110,424900,2026-03-17 13:28:00
2026-03-17 13:29:00,31.110,31.130,31.050,31.060,194900,2026-03-17 13:29:00
2026-03-17 13:30:00,31.050,31.060,30.970,30.980,246600,2026-03-17 13:30:00
2026-03-17 13:31:00,30.970,30.970,30.910,30.920,356700,2026-03-17 13:31:00
2026-03-17 13:32:00,30.920,31.000,30.910,30.990,206200,2026-03-17 13:32:00
2026-03-17 13:33:00,30.990,31.030,30.980,31.000,190900,2026-03-17 13:33:00
2026-03-17 13:34:00,31.000,31.010,30.960,30.970,209600,2026-03-17 13:34:00
2026-03-17 13:35:00,30.970,30.970,30.910,30.910,407870,2026-03-17 13:35:00
2026-03-17 13:36:00,30.910,30.940,30.900,30.920,293600,2026-03-17 13:36:00
2026-03-17 13:37:00,30.930,30.960,30.910,30.930,242100,2026-03-17 13:37:00
2026-03-17 13:38:00,30.930,31.000,30.920,30.980,216000,2026-03-17 13:38:00
2026-03-17 13:39:00,31.000,31.030,30.980,30.990,258400,2026-03-17 13:39:00
2026-03-17 13:40:00,30.990,30.990,30.940,30.940,139000,2026-03-17 13:40:00
2026-03-17 13:41:00,30.950,30.950,30.910,30.910,466894,2026-03-17 13:41:00
2026-03-17 13:42:00,30.910,30.920,30.900,30.910,392605,2026-03-17 13:42:00
2026-03-17 13:43:00,30.910,30.940,30.910,30.920,290283,2026-03-17 13:43:00
2026-03-17 13:44:00,30.920,30.940,30.910,30.910,289800,2026-03-17 13:44:00
2026-03-17 13:45:00,30.920,30.950,30.910,30.940,276500,2026-03-17 13:45:00
2026-03-17 13:46:00,30.940,30.940,30.910,30.910,383200,2026-03-17 13:46:00
2026-03-17 13:47:00,30.920,30.920,30.880,30.880,1109525,2026-03-17 13:47:00
2026-03-17 13:48:00,30.880,30.900,30.780,30.780,2781100,2026-03-17 13:48:00
2026-03-17 13:49:00,30.780,30.920,30.650,30.800,1578500,2026-03-17 13:49:00
2026-03-17 13:50:00,30.840,30.900,30.750,30.880,665354,2026-03-17 13:50:00
2026-03-17 13:51:00,30.880,31.000,30.830,30.950,602329,2026-03-17 13:51:00
2026-03-17 13:52:00,30.960,31.000,30.900,30.960,435100,2026-03-17 13:52:00
2026-03-17 13:53:00,30.990,31.130,30.950,31.100,593282,2026-03-17 13:53:00
2026-03-17 13:54:00,31.100,31.440,31.060,31.240,1567428,2026-03-17 13:54:00
2026-03-17 13:55:00,31.240,31.380,31.120,31.230,786700,2026-03-17 13:55:00
2026-03-17 13:56:00,31.240,31.400,31.230,31.260,851962,2026-03-17 13:56:00
2026-03-17 13:57:00,31.250,31.330,31.100,31.330,464806,2026-03-17 13:57:00
2026-03-17 13:58:00,31.330,31.390,31.190,31.200,666000,2026-03-17 13:58:00
2026-03-17 13:59:00,31.230,31.340,31.190,31.230,439500,2026-03-17 13:59:00
2026-03-17 14:00:00,31.230,31.260,31.060,31.080,238400,2026-03-17 14:00:00
2026-03-17 14:01:00,31.060,31.190,31.030,31.180,316900,2026-03-17 14:01:00
2026-03-17 14:02:00,31.170,31.190,31.090,31.090,410200,2026-03-17 14:02:00
2026-03-17 14:03:00,31.100,31.100,31.030,31.030,275000,2026-03-17 14:03:00
2026-03-17 14:04:00,31.030,31.090,31.020,31.040,293900,2026-03-17 14:04:00
2026-03-17 14:05:00,31.040,31.060,31.030,31.040,227900,2026-03-17 14:05:00
2026-03-17 14:06:00,31.040,31.050,31.000,31.000,318100,2026-03-17 14:06:00
2026-03-17 14:07:00,31.000,31.000,30.900,30.900,333200,2026-03-17 14:07:00
2026-03-17 14:08:00,30.910,30.960,30.880,30.960,427375,2026-03-17 14:08:00
2026-03-17 14:09:00,30.960,31.050,30.950,31.040,317200,2026-03-17 14:09:00
2026-03-17 14:10:00,31.040,31.050,30.940,30.950,339800,2026-03-17 14:10:00
2026-03-17 14:11:00,30.960,31.020,30.940,31.010,344400,2026-03-17 14:11:00
2026-03-17 14:12:00,31.010,31.080,31.010,31.060,233700,2026-03-17 14:12:00
2026-03-17 14:13:00,31.080,31.130,31.060,31.120,219439,2026-03-17 14:13:00
2026-03-17 14:14:00,31.130,31.130,31.020,31.020,280900,2026-03-17 14:14:00
2026-03-17 14:15:00,31.030,31.030,31.000,31.010,214000,2026-03-17 14:15:00
2026-03-17 14:16:00,31.020,31.040,31.000,31.030,227800,2026-03-17 14:16:00
2026-03-17 14:17:00,31.030,31.090,31.010,31.090,138300,2026-03-17 14:17:00
2026-03-17 14:18:00,31.090,31.210,31.080,31.190,418483,2026-03-17 14:18:00
2026-03-17 14:19:00,31.190,31.200,31.070,31.080,197917,2026-03-17 14:19:00
2026-03-17 14:20:00,31.070,31.090,31.040,31.040,186200,2026-03-17 14:20:00
2026-03-17 14:21:00,31.030,31.060,31.020,31.040,264400,2026-03-17 14:21:00
2026-03-17 14:22:00,31.040,31.070,31.020,31.040,170300,2026-03-17 14:22:00
2026-03-17 14:23:00,31.050,31.060,30.990,31.000,331100,2026-03-17 14:23:00
2026-03-17 14:24:00,31.000,31.000,30.900,30.920,347400,2026-03-17 14:24:00
2026-03-17 14:25:00,30.910,31.050,30.910,31.030,321210,2026-03-17 14:25:00
2026-03-17 14:26:00,31.030,31.030,30.980,30.980,221300,2026-03-17 14:26:00
2026-03-17 14:27:00,30.980,30.990,30.950,30.960,236000,2026-03-17 14:27:00
2026-03-17 14:28:00,30.950,30.990,30.950,30.980,250500,2026-03-17 14:28:00
2026-03-17 14:29:00,30.980,31.000,30.970,30.990,270300,2026-03-17 14:29:00
2026-03-17 14:30:00,30.990,31.080,30.990,31.080,345959,2026-03-17 14:30:00
2026-03-17 14:31:00,31.080,31.140,31.010,31.020,270542,2026-03-17 14:31:00
2026-03-17 14:32:00,31.020,31.070,30.990,31.000,235500,2026-03-17 14:32:00
2026-03-17 14:33:00,31.000,31.030,30.980,31.000,280400,2026-03-17 14:33:00
2026-03-17 14:34:00,31.000,31.000,30.960,30.980,338500,2026-03-17 14:34:00
2026-03-17 14:35:00,30.990,31.210,30.980,31.210,813723,2026-03-17 14:35:00
2026-03-17 14:36:00,31.210,31.250,31.060,31.070,434800,2026-03-17 14:36:00
2026-03-17 14:37:00,31.080,31.210,31.060,31.140,446728,2026-03-17 14:37:00
2026-03-17 14:38:00,31.150,31.160,31.080,31.080,331372,2026-03-17 14:38:00
2026-03-17 14:39:00,31.080,31.100,31.050,31.050,328600,2026-03-17 14:39:00
2026-03-17 14:40:00,31.050,31.050,30.980,30.990,358400,2026-03-17 14:40:00
2026-03-17 14:41:00,30.990,30.990,30.950,30.970,513527,2026-03-17 14:41:00
2026-03-17 14:42:00,30.960,30.990,30.960,30.970,474900,2026-03-17 14:42:00
2026-03-17 14:43:00,30.970,31.020,30.960,30.990,644500,2026-03-17 14:43:00
2026-03-17 14:44:00,30.990,31.000,30.960,30.960,585900,2026-03-17 14:44:00
2026-03-17 14:45:00,30.960,30.970,30.820,30.820,1061273,2026-03-17 14:45:00
2026-03-17 14:46:00,30.820,30.820,30.670,30.810,1577024,2026-03-17 14:46:00
2026-03-17 14:47:00,30.810,30.910,30.740,30.760,1069600,2026-03-17 14:47:00
2026-03-17 14:48:00,30.760,30.940,30.710,30.880,1051144,2026-03-17 14:48:00
2026-03-17 14:49:00,30.890,30.940,30.770,30.780,832000,2026-03-17 14:49:00
2026-03-17 14:50:00,30.780,30.780,30.700,30.750,1541400,2026-03-17 14:50:00
2026-03-17 14:51:00,30.750,30.790,30.720,30.750,980100,2026-03-17 14:51:00
2026-03-17 14:52:00,30.750,30.780,30.730,30.750,1378200,2026-03-17 14:52:00
2026-03-17 14:53:00,30.750,30.770,30.720,30.720,1104000,2026-03-17 14:53:00
2026-03-17 14:54:00,30.730,30.730,30.620,30.620,1847500,2026-03-17 14:54:00
2026-03-17 14:55:00,30.630,30.630,30.370,30.380,2792000,2026-03-17 14:55:00
2026-03-17 14:56:00,30.380,30.600,30.350,30.500,4057043,2026-03-17 14:56:00
2026-03-17 14:57:00,30.500,30.600,30.470,30.510,3821354,2026-03-17 14:57:00
2026-03-17 15:00:00,30.490,30.490,30.490,30.490,4374200,2026-03-17 15:00:00
2026-03-18 09:31:00,30.240,30.960,30.240,30.900,4480629,2026-03-18 09:31:00
2026-03-18 09:32:00,30.910,30.930,30.470,30.670,2257200,2026-03-18 09:32:00
2026-03-18 09:33:00,30.650,30.690,30.400,30.450,2094800,2026-03-18 09:33:00
2026-03-18 09:34:00,30.450,30.600,30.380,30.560,1487100,2026-03-18 09:34:00
2026-03-18 09:35:00,30.540,30.580,30.300,30.350,1745358,2026-03-18 09:35:00
2026-03-18 09:36:00,30.370,30.530,30.310,30.380,1098400,2026-03-18 09:36:00
2026-03-18 09:37:00,30.380,30.380,30.150,30.190,1981389,2026-03-18 09:37:00
2026-03-18 09:38:00,30.190,30.210,30.050,30.050,2587500,2026-03-18 09:38:00
2026-03-18 09:39:00,30.050,30.580,29.890,30.560,4270686,2026-03-18 09:39:00
2026-03-18 09:40:00,30.560,30.650,30.320,30.640,2619101,2026-03-18 09:40:00
2026-03-18 09:41:00,30.650,30.800,30.530,30.720,1887100,2026-03-18 09:41:00
2026-03-18 09:42:00,30.720,30.760,30.600,30.750,1724361,2026-03-18 09:42:00
2026-03-18 09:43:00,30.740,30.900,30.730,30.740,2471700,2026-03-18 09:43:00
2026-03-18 09:44:00,30.740,30.760,30.640,30.730,953600,2026-03-18 09:44:00
2026-03-18 09:45:00,30.730,31.000,30.730,30.810,3380300,2026-03-18 09:45:00
2026-03-18 09:46:00,30.810,31.090,30.800,30.900,2962800,2026-03-18 09:46:00
2026-03-18 09:47:00,30.900,31.000,30.840,30.990,2205781,2026-03-18 09:47:00
2026-03-18 09:48:00,30.990,31.140,30.980,31.100,3486388,2026-03-18 09:48:00
2026-03-18 09:49:00,31.120,31.150,30.920,31.020,1508000,2026-03-18 09:49:00
2026-03-18 09:50:00,31.000,31.020,30.850,30.880,1278000,2026-03-18 09:50:00
2026-03-18 09:51:00,30.880,30.990,30.850,30.940,1038100,2026-03-18 09:51:00
2026-03-18 09:52:00,30.950,30.990,30.780,30.810,1162038,2026-03-18 09:52:00
2026-03-18 09:53:00,30.860,30.910,30.810,30.870,662000,2026-03-18 09:53:00
2026-03-18 09:54:00,30.860,30.870,30.780,30.780,875062,2026-03-18 09:54:00
2026-03-18 09:55:00,30.790,30.830,30.770,30.790,779238,2026-03-18 09:55:00
2026-03-18 09:56:00,30.790,30.800,30.660,30.680,1087000,2026-03-18 09:56:00
2026-03-18 09:57:00,30.670,30.850,30.660,30.840,671302,2026-03-18 09:57:00
2026-03-18 09:58:00,30.850,30.880,30.720,30.730,538700,2026-03-18 09:58:00
2026-03-18 09:59:00,30.730,30.740,30.650,30.660,680098,2026-03-18 09:59:00
2026-03-18 10:00:00,30.660,30.780,30.660,30.770,557519,2026-03-18 10:00:00
2026-03-18 10:01:00,30.760,31.060,30.760,31.040,1626200,2026-03-18 10:01:00
2026-03-18 10:02:00,31.030,31.040,30.860,31.000,1287037,2026-03-18 10:02:00
2026-03-18 10:03:00,30.990,31.020,30.880,30.880,831600,2026-03-18 10:03:00
2026-03-18 10:04:00,30.890,30.980,30.870,30.960,528472,2026-03-18 10:04:00
2026-03-18 10:05:00,30.960,31.010,30.900,30.900,969700,2026-03-18 10:05:00
2026-03-18 10:06:00,30.910,30.930,30.840,30.880,558224,2026-03-18 10:06:00
2026-03-18 10:07:00,30.890,31.000,30.880,30.990,693475,2026-03-18 10:07:00
2026-03-18 10:08:00,30.980,31.000,30.910,30.920,451600,2026-03-18 10:08:00
2026-03-18 10:09:00,30.920,31.050,30.910,31.050,1372730,2026-03-18 10:09:00
2026-03-18 10:10:00,31.040,31.060,30.980,31.000,853000,2026-03-18 10:10:00
2026-03-18 10:11:00,30.990,31.020,30.980,30.990,701699,2026-03-18 10:11:00
2026-03-18 10:12:00,30.990,31.000,30.970,30.990,582400,2026-03-18 10:12:00
2026-03-18 10:13:00,30.990,30.990,30.900,30.900,358600,2026-03-18 10:13:00
2026-03-18 10:14:00,30.900,30.920,30.880,30.910,323518,2026-03-18 10:14:00
2026-03-18 10:15:00,30.910,30.990,30.910,30.990,235600,2026-03-18 10:15:00
2026-03-18 10:16:00,30.990,31.040,30.980,31.040,933000,2026-03-18 10:16:00
2026-03-18 10:17:00,31.040,31.070,30.980,30.980,831600,2026-03-18 10:17:00
2026-03-18 10:18:00,30.990,31.000,30.970,30.990,311500,2026-03-18 10:18:00
2026-03-18 10:19:00,30.990,31.000,30.980,31.000,374000,2026-03-18 10:19:00
2026-03-18 10:20:00,30.990,31.010,30.970,30.970,397100,2026-03-18 10:20:00
2026-03-18 10:21:00,30.970,30.980,30.940,30.960,394000,2026-03-18 10:21:00
2026-03-18 10:22:00,30.960,30.970,30.890,30.910,438800,2026-03-18 10:22:00
2026-03-18 10:23:00,30.910,30.930,30.890,30.910,480200,2026-03-18 10:23:00
2026-03-18 10:24:00,30.910,30.910,30.890,30.910,391105,2026-03-18 10:24:00
2026-03-18 10:25:00,30.910,30.960,30.890,30.960,350500,2026-03-18 10:25:00
2026-03-18 10:26:00,30.960,30.990,30.940,30.960,237700,2026-03-18 10:26:00
2026-03-18 10:27:00,30.970,30.970,30.890,30.900,375200,2026-03-18 10:27:00
2026-03-18 10:28:00,30.920,30.990,30.900,30.980,326600,2026-03-18 10:28:00
2026-03-18 10:29:00,30.990,31.000,30.970,30.970,396500,2026-03-18 10:29:00
2026-03-18 10:30:00,30.970,30.990,30.960,30.960,238900,2026-03-18 10:30:00
2026-03-18 10:31:00,30.960,30.970,30.920,30.930,278800,2026-03-18 10:31:00
2026-03-18 10:32:00,30.930,30.930,30.870,30.870,360500,2026-03-18 10:32:00
2026-03-18 10:33:00,30.870,30.880,30.800,30.810,582300,2026-03-18 10:33:00
2026-03-18 10:34:00,30.810,30.870,30.810,30.850,277300,2026-03-18 10:34:00
2026-03-18 10:35:00,30.860,30.870,30.830,30.840,221600,2026-03-18 10:35:00
2026-03-18 10:36:00,30.830,30.840,30.810,30.830,356400,2026-03-18 10:36:00
2026-03-18 10:37:00,30.840,30.900,30.820,30.900,271105,2026-03-18 10:37:00
2026-03-18 10:38:00,30.900,30.910,30.890,30.910,301400,2026-03-18 10:38:00
2026-03-18 10:39:00,30.920,30.950,30.900,30.920,234400,2026-03-18 10:39:00
2026-03-18 10:40:00,30.920,30.950,30.920,30.930,244300,2026-03-18 10:40:00
2026-03-18 10:41:00,30.940,30.940,30.880,30.880,227100,2026-03-18 10:41:00
2026-03-18 10:42:00,30.880,30.890,30.850,30.870,208700,2026-03-18 10:42:00
2026-03-18 10:43:00,30.870,30.880,30.850,30.880,200500,2026-03-18 10:43:00
2026-03-18 10:44:00,30.870,31.010,30.870,31.000,971854,2026-03-18 10:44:00
2026-03-18 10:45:00,31.000,31.040,30.980,31.000,671987,2026-03-18 10:45:00
2026-03-18 10:46:00,31.000,31.000,30.930,30.960,296700,2026-03-18 10:46:00
2026-03-18 10:47:00,30.960,30.960,30.880,30.890,216400,2026-03-18 10:47:00
2026-03-18 10:48:00,30.890,30.910,30.860,30.890,272600,2026-03-18 10:48:00
2026-03-18 10:49:00,30.900,30.940,30.880,30.940,169906,2026-03-18 10:49:00
2026-03-18 10:50:00,30.930,30.940,30.850,30.850,198494,2026-03-18 10:50:00
2026-03-18 10:51:00,30.860,30.860,30.830,30.840,258300,2026-03-18 10:51:00
2026-03-18 10:52:00,30.840,30.850,30.810,30.820,252300,2026-03-18 10:52:00
2026-03-18 10:53:00,30.830,30.830,30.800,30.810,266638,2026-03-18 10:53:00
2026-03-18 10:54:00,30.820,30.830,30.800,30.810,490500,2026-03-18 10:54:00
2026-03-18 10:55:00,30.800,30.810,30.700,30.700,870000,2026-03-18 10:55:00
2026-03-18 10:56:00,30.700,30.710,30.580,30.580,1124800,2026-03-18 10:56:00
2026-03-18 10:57:00,30.580,30.740,30.530,30.700,1268669,2026-03-18 10:57:00
2026-03-18 10:58:00,30.690,30.700,30.600,30.670,447000,2026-03-18 10:58:00
2026-03-18 10:59:00,30.670,30.740,30.660,30.680,437267,2026-03-18 10:59:00
2026-03-18 11:00:00,30.680,30.700,30.650,30.670,331000,2026-03-18 11:00:00
2026-03-18 11:01:00,30.680,30.760,30.670,30.760,270200,2026-03-18 11:01:00
2026-03-18 11:02:00,30.770,30.850,30.760,30.840,262500,2026-03-18 11:02:00
2026-03-18 11:03:00,30.840,30.880,30.770,30.780,292000,2026-03-18 11:03:00
2026-03-18 11:04:00,30.780,30.780,30.730,30.770,152500,2026-03-18 11:04:00
2026-03-18 11:05:00,30.770,30.900,30.770,30.900,378880,2026-03-18 11:05:00
2026-03-18 11:06:00,30.900,30.950,30.850,30.850,331000,2026-03-18 11:06:00
2026-03-18 11:07:00,30.850,30.850,30.780,30.780,147200,2026-03-18 11:07:00
2026-03-18 11:08:00,30.780,30.810,30.750,30.810,268400,2026-03-18 11:08:00
2026-03-18 11:09:00,30.800,30.880,30.800,30.880,157600,2026-03-18 11:09:00
2026-03-18 11:10:00,30.880,30.880,30.860,30.870,181700,2026-03-18 11:10:00
2026-03-18 11:11:00,30.870,30.880,30.850,30.870,131400,2026-03-18 11:11:00
2026-03-18 11:12:00,30.880,30.880,30.860,30.880,158200,2026-03-18 11:12:00
2026-03-18 11:13:00,30.880,30.950,30.870,30.950,378900,2026-03-18 11:13:00
2026-03-18 11:14:00,30.950,30.970,30.940,30.950,410906,2026-03-18 11:14:00
2026-03-18 11:15:00,30.950,30.950,30.900,30.920,346400,2026-03-18 11:15:00
2026-03-18 11:16:00,30.920,31.580,30.910,31.510,9545057,2026-03-18 11:16:00
2026-03-18 11:17:00,31.510,31.550,31.210,31.400,2918762,2026-03-18 11:17:00
2026-03-18 11:18:00,31.410,31.700,31.400,31.690,3811851,2026-03-18 11:18:00
2026-03-18 11:19:00,31.700,31.900,31.580,31.600,5652627,2026-03-18 11:19:00
2026-03-18 11:20:00,31.600,31.970,31.600,31.850,5355986,2026-03-18 11:20:00
2026-03-18 11:21:00,31.860,31.880,31.700,31.770,2946400,2026-03-18 11:21:00
2026-03-18 11:22:00,31.770,31.880,31.610,31.880,2858598,2026-03-18 11:22:00
2026-03-18 11:23:00,31.860,31.880,31.580,31.590,2254802,2026-03-18 11:23:00
2026-03-18 11:24:00,31.600,31.800,31.570,31.750,1950713,2026-03-18 11:24:00
2026-03-18 11:25:00,31.750,31.750,31.550,31.570,1064748,2026-03-18 11:25:00
2026-03-18 11:26:00,31.560,31.670,31.510,31.660,1384952,2026-03-18 11:26:00
2026-03-18 11:27:00,31.660,31.720,31.590,31.610,1085900,2026-03-18 11:27:00
2026-03-18 11:28:00,31.610,31.630,31.540,31.620,799200,2026-03-18 11:28:00
2026-03-18 11:29:00,31.620,31.630,31.600,31.610,739200,2026-03-18 11:29:00
2026-03-18 11:30:00,31.610,31.610,31.520,31.530,921600,2026-03-18 11:30:00
2026-03-18 13:01:00,31.530,31.690,31.500,31.670,1285500,2026-03-18 13:01:00
2026-03-18 13:02:00,31.650,31.670,31.500,31.550,510200,2026-03-18 13:02:00
2026-03-18 13:03:00,31.550,31.670,31.540,31.670,342300,2026-03-18 13:03:00
2026-03-18 13:04:00,31.670,31.700,31.550,31.640,704200,2026-03-18 13:04:00
2026-03-18 13:05:00,31.640,31.650,31.530,31.540,438100,2026-03-18 13:05:00
2026-03-18 13:06:00,31.530,31.560,31.520,31.550,456300,2026-03-18 13:06:00
2026-03-18 13:07:00,31.550,31.650,31.540,31.650,551900,2026-03-18 13:07:00
2026-03-18 13:08:00,31.650,31.710,31.650,31.680,716900,2026-03-18 13:08:00
2026-03-18 13:09:00,31.680,31.690,31.560,31.570,367900,2026-03-18 13:09:00
2026-03-18 13:10:00,31.560,31.570,31.540,31.550,446965,2026-03-18 13:10:00
2026-03-18 13:11:00,31.550,31.550,31.510,31.510,475000,2026-03-18 13:11:00
2026-03-18 13:12:00,31.510,31.520,31.350,31.350,809438,2026-03-18 13:12:00
2026-03-18 13:13:00,31.360,31.540,31.320,31.530,1089862,2026-03-18 13:13:00
2026-03-18 13:14:00,31.530,31.540,31.370,31.400,506019,2026-03-18 13:14:00
2026-03-18 13:15:00,31.400,31.460,31.400,31.460,449133,2026-03-18 13:15:00
2026-03-18 13:16:00,31.460,31.470,31.410,31.440,339400,2026-03-18 13:16:00
2026-03-18 13:17:00,31.440,31.500,31.440,31.490,367122,2026-03-18 13:17:00
2026-03-18 13:18:00,31.500,31.610,31.490,31.600,356610,2026-03-18 13:18:00
2026-03-18 13:19:00,31.610,31.650,31.600,31.620,554878,2026-03-18 13:19:00
2026-03-18 13:20:00,31.630,31.630,31.580,31.600,469392,2026-03-18 13:20:00
2026-03-18 13:21:00,31.600,31.610,31.590,31.600,461300,2026-03-18 13:21:00
2026-03-18 13:22:00,31.600,31.620,31.600,31.600,296100,2026-03-18 13:22:00
2026-03-18 13:23:00,31.600,31.620,31.580,31.580,287700,2026-03-18 13:23:00
2026-03-18 13:24:00,31.590,31.600,31.520,31.520,197200,2026-03-18 13:24:00
2026-03-18 13:25:00,31.510,31.520,31.470,31.480,323490,2026-03-18 13:25:00
2026-03-18 13:26:00,31.480,31.530,31.460,31.520,269710,2026-03-18 13:26:00
2026-03-18 13:27:00,31.520,31.580,31.520,31.580,175500,2026-03-18 13:27:00
2026-03-18 13:28:00,31.580,31.600,31.540,31.550,270800,2026-03-18 13:28:00
2026-03-18 13:29:00,31.560,31.570,31.550,31.560,470600,2026-03-18 13:29:00
2026-03-18 13:30:00,31.550,31.560,31.490,31.490,269500,2026-03-18 13:30:00
2026-03-18 13:31:00,31.490,31.500,31.470,31.480,304090,2026-03-18 13:31:00
2026-03-18 13:32:00,31.480,31.500,31.480,31.500,155810,2026-03-18 13:32:00
2026-03-18 13:33:00,31.490,31.500,31.480,31.490,280500,2026-03-18 13:33:00
2026-03-18 13:34:00,31.480,31.490,31.450,31.460,265690,2026-03-18 13:34:00
2026-03-18 13:35:00,31.460,31.480,31.450,31.480,218100,2026-03-18 13:35:00
2026-03-18 13:36:00,31.470,31.570,31.470,31.570,429600,2026-03-18 13:36:00
2026-03-18 13:37:00,31.570,31.660,31.560,31.660,846611,2026-03-18 13:37:00
2026-03-18 13:38:00,31.660,31.680,31.580,31.580,441189,2026-03-18 13:38:00
2026-03-18 13:39:00,31.580,31.600,31.550,31.590,286300,2026-03-18 13:39:00
2026-03-18 13:40:00,31.600,31.700,31.590,31.700,629811,2026-03-18 13:40:00
2026-03-18 13:41:00,31.690,31.700,31.620,31.630,517900,2026-03-18 13:41:00
2026-03-18 13:42:00,31.630,31.640,31.600,31.610,294400,2026-03-18 13:42:00
2026-03-18 13:43:00,31.610,31.660,31.600,31.660,278961,2026-03-18 13:43:00
2026-03-18 13:44:00,31.660,31.680,31.650,31.670,414800,2026-03-18 13:44:00
2026-03-18 13:45:00,31.660,31.690,31.650,31.670,584500,2026-03-18 13:45:00
2026-03-18 13:46:00,31.660,31.700,31.660,31.700,442800,2026-03-18 13:46:00
2026-03-18 13:47:00,31.700,31.700,31.680,31.680,425800,2026-03-18 13:47:00
2026-03-18 13:48:00,31.690,31.690,31.670,31.680,590800,2026-03-18 13:48:00
2026-03-18 13:49:00,31.670,31.680,31.620,31.640,410839,2026-03-18 13:49:00
2026-03-18 13:50:00,31.630,31.650,31.620,31.650,258916,2026-03-18 13:50:00
2026-03-18 13:51:00,31.650,31.660,31.630,31.630,379900,2026-03-18 13:51:00
2026-03-18 13:52:00,31.630,31.650,31.590,31.600,396684,2026-03-18 13:52:00
2026-03-18 13:53:00,31.600,31.600,31.550,31.550,284500,2026-03-18 13:53:00
2026-03-18 13:54:00,31.550,31.560,31.510,31.520,258600,2026-03-18 13:54:00
2026-03-18 13:55:00,31.520,31.600,31.510,31.600,296700,2026-03-18 13:55:00
2026-03-18 13:56:00,31.600,31.650,31.590,31.640,281516,2026-03-18 13:56:00
2026-03-18 13:57:00,31.640,31.640,31.600,31.600,315584,2026-03-18 13:57:00
2026-03-18 13:58:00,31.610,31.620,31.590,31.600,226700,2026-03-18 13:58:00
2026-03-18 13:59:00,31.600,31.640,31.590,31.630,250516,2026-03-18 13:59:00
2026-03-18 14:00:00,31.640,31.720,31.630,31.720,1112320,2026-03-18 14:00:00
2026-03-18 14:01:00,31.710,31.980,31.710,31.940,4740384,2026-03-18 14:01:00
2026-03-18 14:02:00,31.940,31.950,31.830,31.930,1487384,2026-03-18 14:02:00
2026-03-18 14:03:00,31.940,31.940,31.790,31.890,1190716,2026-03-18 14:03:00
2026-03-18 14:04:00,31.890,32.000,31.860,31.970,4576176,2026-03-18 14:04:00
2026-03-18 14:05:00,31.950,32.000,31.920,31.980,1733800,2026-03-18 14:05:00
2026-03-18 14:06:00,31.990,31.990,31.910,31.920,1187700,2026-03-18 14:06:00
2026-03-18 14:07:00,31.920,31.920,31.800,31.920,751703,2026-03-18 14:07:00
2026-03-18 14:08:00,31.910,31.920,31.830,31.830,751100,2026-03-18 14:08:00
2026-03-18 14:09:00,31.830,31.860,31.810,31.850,670277,2026-03-18 14:09:00
2026-03-18 14:10:00,31.860,31.870,31.790,31.800,965820,2026-03-18 14:10:00
2026-03-18 14:11:00,31.800,31.800,31.590,31.630,908500,2026-03-18 14:11:00
2026-03-18 14:12:00,31.650,31.740,31.630,31.680,998200,2026-03-18 14:12:00
2026-03-18 14:13:00,31.700,31.710,31.650,31.660,757800,2026-03-18 14:13:00
2026-03-18 14:14:00,31.660,31.670,31.590,31.600,976000,2026-03-18 14:14:00
2026-03-18 14:15:00,31.590,31.620,31.530,31.610,926000,2026-03-18 14:15:00
2026-03-18 14:16:00,31.610,31.640,31.500,31.510,1257400,2026-03-18 14:16:00
2026-03-18 14:17:00,31.540,31.540,31.500,31.520,1102100,2026-03-18 14:17:00
2026-03-18 14:18:00,31.530,31.670,31.520,31.670,326900,2026-03-18 14:18:00
2026-03-18 14:19:00,31.660,31.690,31.600,31.620,552400,2026-03-18 14:19:00
2026-03-18 14:20:00,31.610,31.700,31.600,31.690,343800,2026-03-18 14:20:00
2026-03-18 14:21:00,31.690,31.780,31.690,31.720,464700,2026-03-18 14:21:00
2026-03-18 14:22:00,31.720,31.720,31.620,31.620,352900,2026-03-18 14:22:00
2026-03-18 14:23:00,31.630,31.680,31.610,31.670,234400,2026-03-18 14:23:00
2026-03-18 14:24:00,31.670,31.730,31.670,31.720,370000,2026-03-18 14:24:00
2026-03-18 14:25:00,31.720,31.740,31.700,31.720,342400,2026-03-18 14:25:00
2026-03-18 14:26:00,31.720,31.720,31.680,31.680,359700,2026-03-18 14:26:00
2026-03-18 14:27:00,31.690,31.690,31.630,31.650,326900,2026-03-18 14:27:00
2026-03-18 14:28:00,31.650,31.670,31.620,31.630,479800,2026-03-18 14:28:00
2026-03-18 14:29:00,31.630,31.670,31.620,31.660,397100,2026-03-18 14:29:00
2026-03-18 14:30:00,31.660,31.680,31.650,31.670,395300,2026-03-18 14:30:00
2026-03-18 14:31:00,31.670,31.680,31.650,31.660,382000,2026-03-18 14:31:00
2026-03-18 14:32:00,31.660,31.670,31.570,31.580,998000,2026-03-18 14:32:00
2026-03-18 14:33:00,31.570,31.580,31.420,31.450,1556501,2026-03-18 14:33:00
2026-03-18 14:34:00,31.450,31.590,31.420,31.590,686900,2026-03-18 14:34:00
2026-03-18 14:35:00,31.580,31.590,31.500,31.520,635900,2026-03-18 14:35:00
2026-03-18 14:36:00,31.520,31.540,31.510,31.520,433200,2026-03-18 14:36:00
2026-03-18 14:37:00,31.520,31.530,31.510,31.520,510100,2026-03-18 14:37:00
2026-03-18 14:38:00,31.520,31.520,31.500,31.510,664900,2026-03-18 14:38:00
2026-03-18 14:39:00,31.510,31.520,31.470,31.470,735300,2026-03-18 14:39:00
2026-03-18 14:40:00,31.460,31.480,31.430,31.440,838000,2026-03-18 14:40:00
2026-03-18 14:41:00,31.440,31.500,31.420,31.490,925917,2026-03-18 14:41:00
2026-03-18 14:42:00,31.490,31.700,31.490,31.580,1104878,2026-03-18 14:42:00
2026-03-18 14:43:00,31.590,31.700,31.550,31.700,670505,2026-03-18 14:43:00
2026-03-18 14:44:00,31.690,31.700,31.570,31.590,658600,2026-03-18 14:44:00
2026-03-18 14:45:00,31.590,31.690,31.580,31.680,741816,2026-03-18 14:45:00
2026-03-18 14:46:00,31.680,31.680,31.600,31.610,532384,2026-03-18 14:46:00
2026-03-18 14:47:00,31.600,31.630,31.600,31.610,577585,2026-03-18 14:47:00
2026-03-18 14:48:00,31.620,31.620,31.560,31.560,765310,2026-03-18 14:48:00
2026-03-18 14:49:00,31.560,31.560,31.520,31.550,647800,2026-03-18 14:49:00
2026-03-18 14:50:00,31.550,31.560,31.540,31.550,812000,2026-03-18 14:50:00
2026-03-18 14:51:00,31.550,31.560,31.530,31.540,933400,2026-03-18 14:51:00
2026-03-18 14:52:00,31.540,31.550,31.510,31.510,973500,2026-03-18 14:52:00
2026-03-18 14:53:00,31.510,31.520,31.440,31.450,1602822,2026-03-18 14:53:00
2026-03-18 14:54:00,31.440,31.450,31.380,31.420,2307826,2026-03-18 14:54:00
2026-03-18 14:55:00,31.420,31.470,31.410,31.470,1795684,2026-03-18 14:55:00
2026-03-18 14:56:00,31.460,31.480,31.390,31.410,2663300,2026-03-18 14:56:00
2026-03-18 14:57:00,31.410,31.420,31.390,31.400,3546835,2026-03-18 14:57:00
2026-03-18 15:00:00,31.400,31.400,31.400,31.400,3777293,2026-03-18 15:00:00
